{"115792153912803334": {"ID": "TFWYoureCatfishing", "points": 89, "colour": "795548", "loans": 1, "wins": -40}, "114283406426112006": {"ID": "Daiwa", "points": 100, "colour": "795548", "loans": 0, "wins": 0}, "130258285428211713": {"ID": "issa", "points": 100, "colour": "7BDCB5", "loans": 0, "wins": 20}, "252625286410141696": {"ID": "Ake", "points": 101, "colour": "EB144C", "loans": 1, "wins": 0}, "115441258880696329": {"ID": "Mujii", "points": 100, "colour": "FFFFFF", "loans": 0, "wins": 0}, "162521245621944320": {"ID": "LunarMan", "points": 100, "colour": "3F51B5", "loans": 0, "wins": 0}, "175207024878026753": {"ID": "Shrimp", "points": 100, "colour": "0693E3", "loans": 0, "wins": 0}, "928449020861501543": {"ID": "Daz's Hunting Horn", "points": 91, "colour": "FF6900", "loans": 0, "wins": 68}}